Amplicon,Position,Forward_Primer,Reverse_Primer,Forward_Start,Forward_End,Reverse_Start,Reverse_End,Amplicon_Size,Forward_Primer_Tm,Reverse_Primer_Tm,Also covers position:
1,10267,AGAACACGAAGAGAAACCGGT,GGCTGAAGTAGTGCGTGCTA,10216,10237,10487,10467,272,59.6,60.1,
2,12169,AGCCGTGTTATCTATTCCTTTCATTAAC,GCAGTGTTCTTTATGAGGATGACG,12132,12160,12414,12392,284,60.01,59.97,
3,13686,GCAATTTCTTTTTCGCAGTCGG,TGGCACATGCATGTATACCAGA,13654,13676,13912,13890,259,59.6,59.8,
4,18133,AAAGACAGTACACGGGTCCG,AGCTTTGTCGATATATGCATGGA,17922,17942,18173,18150,252,59.7,58.1,
5,25644,GGATACTGAACACGCTAATGATAGT,AGGGCAGAGTATACGAGAATGA,25436,25461,25719,25699,285,58.55,58.17,
6,34308,ACACCCACTAGAAACCACGG,AAGCTAGAAAAGAACTGTAATGCGT,34145,34165,34385,34362,242,59.6,59.3,
7,60984,ATCGCTTTCCAGACGACTCG,TTGGAACCGTGGCATTCTGA,60840,60860,61117,61097,278,60.2,59.9,
8,64426,ATCCAGGCTCCTCTCTCAGG,GCACCTGAGCAGACCCAATA,64210,64230,64491,64471,282,60.1,59.7,
9,70780,TTCCTGGACTCTATGGGGCA,CTTGAACAGTGCATTGACAAGGA,70592,70612,70816,70793,225,60,59.7,
10,74360,CCACGACACTGGAAAATGCG,GTCCGCCGACTGTTGTCTTA,74141,74161,74423,74403,283,60.1,60,
11,89906,CTCGTAAACCAGCGGCTACT,TGTCGGTAGCCACCTTTAGG,89800,89820,90072,90052,273,59.8,59.1,
12,94783,CCCAAAGTAGATAACGACGATAACG,ACCATCTAACTTGTCTTCCAGCA,94692,94717,94923,94900,232,59.6,59.7,94890
13,100971,TAACGGCATCGAAGTCTCCG,ATACGAGCTGCAACCACCTC,100780,100800,101036,101016,257,59.9,60.1,
14,101378,GCGTCTGCAGAGTGGTTGAT,ACTCTGGAGAGATTAATCTGGTTCA,101209,101229,101488,101463,280,60.7,59,101418
15,103019,GGGGTGAGAACGTTCCAGAG,TGCAATTTCGTATTGGAGTCCA,102816,102835,103088,103067,269,58.3,60,103051
16,105923,CCGCTCTAGTACTCCTCCCA,CGGGAGGGGACACATGTC,105679,105699,105943,105925,265,59.8,59.4,
17,107670,GCCCATCGTTTGTCATAACTCC,CGGTGTTTACGGAAGCTGTTAC,107512,107534,107748,107728,238,59.65,59.84,
18,108808,TTTATTAGACACGTGGAAGTTTGACT,GGGCGATACTTTATTCACAACCA,108684,108710,108941,108920,259,59.01,59.06,
19,111029,ATCGCTATTGACCACGGCTT,CCAGGAGCAGCATCTCAACA,110980,111000,111253,111233,274,59.8,60,
20,125365,AGGAATCTGAACCCGCTTCC,TGCGTTCCGGAATGAAGAGT,125342,125362,125622,125602,281,59.7,59.7,
21,128076,TCCGGTATTTAACGATTCTTCACA,TGTTGGACCTGACTGTAGTGC,128017,128041,128276,128255,260,58.3,59.9,
22,132698,CGCCACTAATCGGTTCGGTA,AACTGCGGAGGTAACCCATG,132634,132654,132906,132886,273,59.9,60,
23,136870,TCGGGTTTATCTTCTGTCACCTT,CGCATTCATGTACTATCTATCTATAAGCG,136744,136767,137009,136982,267,59.42,59.94,
24,140492,ACGTCCTTATCGGCGGTATC,AGGACGGGCTAACATTACGC,140313,140333,140537,140517,225,59.4,60.2,
25,141757,GGATACATGGGGATCTGATGGT,TGTATCCATCCATTGGCGCA,141547,141569,141808,141788,262,59.1,59.8,
26,146022,TGTAGCACAACGAATAACTCCCA,ACTACAGTCTGACTATTGCGTAAAC,145995,146017,146275,146251,281,60,58.9,146223
27,148268,AGGATGTATTATTAGCGCAATCAGTT,CGAACACGGAAATGGCTAGAAGA,148146,148171,148387,148365,242,59.06,60.92,
28,149818,TCTTACAATTAACGAGAATGGCGT,CGTATTAACCACGCGACCAA,149791,149815,150041,150021,251,58.8,58.7,"149872, 149963"
29,151461,AGACAGACCTAATCGTCTCGGA,TTCCAGTGACTGTGGATCGC,151420,151442,151646,151626,227,60.1,60,
30,155631,CGACTGCTAGGAGGGAAAATGA,TGCTTGAGTTCTTCTATAGTACCGA,155532,155554,155767,155744,237,59.83,59.12,
31,159779,ACCGCCAACTACTGTAGGTG,TGGCTGTCTTTCCTGAACCA,159680,159700,159935,159915,256,59.4,59.2,
32,164385,TTGGAATCAGACACAGAGTTAGAAA,GTTGTTGTTCGCGACTGCTT,164226,164251,164495,164475,270,58.2,60,
33,175093,TGGTGACTGTGTTCAGGGTG,ACGTAACAGTCGTATCTTCCACT,174935,174955,175198,175175,264,59.8,59.2,
34,176823,TGAACGCAGGTATATAGTACACTCC,TGTAATGGAGTTCGCATTTGTGT,176593,176618,176850,176828,258,59.76,59.18,
35,182950,ATCTGGTGCAAGTGGTGGTG,CCACTTGATCCTGGCAGATTG,182704,182724,182973,182952,270,60.5,59,
36,185557,ACAGACGACGATCAGGTTGT,TCGTCATTGCACTATATGTCCGT,185313,185333,185582,185559,270,59,59.9,
37,186165,AAGCACCTGGCCTGACTATG,ATAGACGCCGGCAATGATCC,186001,186021,186225,186205,225,59.7,60.3,
38,191615,ATGGTAGATCATGGGGCTGT,CAAGGTCCTTCCACCAGCAT,191461,191481,191724,191704,264,58.2,60
